time,sat0x,sat0y,sat0z,sat1x,sat1y,sat1z,sat2x,sat2y,sat2z,sat3x,sat3y,sat3z,sat4x,sat4y,sat4z,sat5x,sat5y,sat5z,sat6x,sat6y,sat6z,sat7x,sat7y,sat7z
1,-0.4035915,-0.1130895,-1.170477,-2.842294E-08,-0.02171302,-0.605244,0.4180711,-0.09320606,-1.001045,-0.4130033,-0.03844647,-0.5693786,0.421223,-0.02777534,-0.3996677,-0.4190414,-0.01530065,0.03512468,-1.365632E-08,-0.02997726,0.6041909,0.4209537,-0.01376314,0.2054031
2,-0.3533932,-0.1166098,-1.171781,1.036562E-07,-0.02714766,-0.6043507,0.3868665,-0.09176227,-1.004424,-0.3735011,-0.03695949,-0.5723844,0.4012739,-0.02121709,-0.4035515,-0.3905791,-0.008654381,0.03181012,-1.107269E-08,-0.02451249,0.6046743,0.4121988,-0.006044232,0.202279
3,-0.2655286,-0.121632,-1.173763,5.693009E-08,-0.03474637,-0.6051224,0.3171631,-0.08835462,-1.008489,-0.295857,-0.03148425,-0.5751529,0.3417718,-0.03034394,-0.4059255,-0.3227069,-0.01573426,0.03008318,1.283782E-08,-0.03698166,0.6047199,0.3635512,-0.02394304,0.1986428
4,-0.1534292,-0.1070345,-1.171901,1.166237E-08,-0.02585682,-0